disease,diseaseLabel,drug,drugLabel,drugs_local_name
http://www.wikidata.org/entity/Q101896,gonorrhea,http://www.wikidata.org/entity/Q1052672,cefpodoxime proxetil,cefpodoxime_proxetil
http://www.wikidata.org/entity/Q101896,gonorrhea,http://www.wikidata.org/entity/Q1082945,ceftizoxime,ceftizoxime
http://www.wikidata.org/entity/Q101896,gonorrhea,http://www.wikidata.org/entity/Q1087499,troleandomycin,troleandomycin
http://www.wikidata.org/entity/Q101896,gonorrhea,http://www.wikidata.org/entity/Q163901,cefixime,cefixime
http://www.wikidata.org/entity/Q101896,gonorrhea,http://www.wikidata.org/entity/Q1639616,enoxacin,enoxacin
http://www.wikidata.org/entity/Q101896,gonorrhea,http://www.wikidata.org/entity/Q193045,tetracycline,tetracycline
http://www.wikidata.org/entity/Q101896,gonorrhea,http://www.wikidata.org/entity/Q201928,amoxicillin,amoxicillin
http://www.wikidata.org/entity/Q101896,gonorrhea,http://www.wikidata.org/entity/Q213511,erythromycin,erythromycin
http://www.wikidata.org/entity/Q101896,gonorrhea,http://www.wikidata.org/entity/Q2365016,gatifloxacin,gatifloxacin
http://www.wikidata.org/entity/Q101896,gonorrhea,http://www.wikidata.org/entity/Q244150,ampicillin,ampicillin
http://www.wikidata.org/entity/Q101896,gonorrhea,http://www.wikidata.org/entity/Q256602,ciprofloxacin,ciprofloxacin
http://www.wikidata.org/entity/Q101896,gonorrhea,http://www.wikidata.org/entity/Q258450,benzylpenicillin,benzylpenicillin
http://www.wikidata.org/entity/Q101896,gonorrhea,http://www.wikidata.org/entity/Q27089370,penicillin g potassium,penicillin_g_potassium
http://www.wikidata.org/entity/Q101896,gonorrhea,http://www.wikidata.org/entity/Q27122736,penicillin g sodium,penicillin_g_sodium
http://www.wikidata.org/entity/Q101896,gonorrhea,http://www.wikidata.org/entity/Q2736402,demeclocycline,demeclocycline
http://www.wikidata.org/entity/Q101896,gonorrhea,http://www.wikidata.org/entity/Q2878140,bacampicillin,bacampicillin
http://www.wikidata.org/entity/Q101896,gonorrhea,http://www.wikidata.org/entity/Q411447,DL-ofloxacin,dl_ofloxacin
http://www.wikidata.org/entity/Q101896,gonorrhea,http://www.wikidata.org/entity/Q413728,cefuroxime,cefuroxime
http://www.wikidata.org/entity/Q101896,gonorrhea,http://www.wikidata.org/entity/Q415173,cefpodoxime,cefpodoxime
http://www.wikidata.org/entity/Q101896,gonorrhea,http://www.wikidata.org/entity/Q416154,spectinomycin,spectinomycin
http://www.wikidata.org/entity/Q101896,gonorrhea,http://www.wikidata.org/entity/Q417897,norfloxacin,norfloxacin
http://www.wikidata.org/entity/Q101896,gonorrhea,http://www.wikidata.org/entity/Q417968,cefotaxime,cefotaxime
http://www.wikidata.org/entity/Q101896,gonorrhea,http://www.wikidata.org/entity/Q421713,ceftriaxone,ceftriaxone
http://www.wikidata.org/entity/Q101896,gonorrhea,http://www.wikidata.org/entity/Q424940,moxifloxacin,moxifloxacin
http://www.wikidata.org/entity/Q101896,gonorrhea,http://www.wikidata.org/entity/Q544393,trovafloxacin,trovafloxacin
http://www.wikidata.org/entity/Q101896,gonorrhea,http://www.wikidata.org/entity/Q900898,probenecid,probenecid
http://www.wikidata.org/entity/Q1048084,opisthorchiasis,http://www.wikidata.org/entity/Q411629,albendazol,albendazol
http://www.wikidata.org/entity/Q1048084,opisthorchiasis,http://www.wikidata.org/entity/Q424145,praziquantel,praziquantel
http://www.wikidata.org/entity/Q1077505,Crimean-Congo hemorrhagic fever,http://www.wikidata.org/entity/Q210420,corticosteroid,corticosteroid
http://www.wikidata.org/entity/Q1077505,Crimean-Congo hemorrhagic fever,http://www.wikidata.org/entity/Q421862,ribavirin,ribavirin
http://www.wikidata.org/entity/Q1077505,Crimean-Congo hemorrhagic fever,http://www.wikidata.org/entity/Q79460,antibody,antibody
http://www.wikidata.org/entity/Q1102300,clonorchiasis,http://www.wikidata.org/entity/Q411629,albendazol,albendazol
http://www.wikidata.org/entity/Q1102300,clonorchiasis,http://www.wikidata.org/entity/Q424145,praziquantel,praziquantel
http://www.wikidata.org/entity/Q113268139,beta blocker poisoning,http://www.wikidata.org/entity/Q1385195,extracorporeal membrane oxygenation,extracorporeal_membrane_oxygenation
http://www.wikidata.org/entity/Q113268139,beta blocker poisoning,http://www.wikidata.org/entity/Q15474950,whole bowel irrigation,whole_bowel_irrigation
http://www.wikidata.org/entity/Q113268139,beta blocker poisoning,http://www.wikidata.org/entity/Q179731,sodium bicarbonate,sodium_bicarbonate
http://www.wikidata.org/entity/Q113268139,beta blocker poisoning,http://www.wikidata.org/entity/Q24885926,intravenous fluid replacement,intravenous_fluid_replacement
http://www.wikidata.org/entity/Q113268139,beta blocker poisoning,http://www.wikidata.org/entity/Q28163629,glucagon,glucagon
http://www.wikidata.org/entity/Q113268139,beta blocker poisoning,http://www.wikidata.org/entity/Q2957662,activated charcoal,activated_charcoal
http://www.wikidata.org/entity/Q113268139,beta blocker poisoning,http://www.wikidata.org/entity/Q3359124,vasoconstrictor agents,vasoconstrictor_agents
http://www.wikidata.org/entity/Q113268139,beta blocker poisoning,http://www.wikidata.org/entity/Q50265665,insulin,insulin
http://www.wikidata.org/entity/Q113268139,beta blocker poisoning,http://www.wikidata.org/entity/Q6058432,intralipid,intralipid
http://www.wikidata.org/entity/Q1137321,onchocerciasis,http://www.wikidata.org/entity/Q415178,ivermectin,ivermectin
http://www.wikidata.org/entity/Q114085,rhinitis,http://www.wikidata.org/entity/Q1002165,fluticasone,fluticasone
http://www.wikidata.org/entity/Q114085,rhinitis,http://www.wikidata.org/entity/Q13530468,ephedra,ephedra
http://www.wikidata.org/entity/Q114085,rhinitis,http://www.wikidata.org/entity/Q219626,ephedrine,ephedrine
http://www.wikidata.org/entity/Q114085,rhinitis,http://www.wikidata.org/entity/Q28208887,mometasone,mometasone
http://www.wikidata.org/entity/Q114085,rhinitis,http://www.wikidata.org/entity/Q413147,norephedrin,norephedrin
http://www.wikidata.org/entity/Q114085,rhinitis,http://www.wikidata.org/entity/Q413762,hyoscyamine,hyoscyamine
http://www.wikidata.org/entity/Q114085,rhinitis,http://www.wikidata.org/entity/Q415122,fexofenadine,fexofenadine
http://www.wikidata.org/entity/Q114085,rhinitis,http://www.wikidata.org/entity/Q415433,naphazoline,naphazoline
http://www.wikidata.org/entity/Q114085,rhinitis,http://www.wikidata.org/entity/Q417767,montelukast,montelukast
http://www.wikidata.org/entity/Q114085,rhinitis,http://www.wikidata.org/entity/Q417813,oxymetazoline,oxymetazoline
http://www.wikidata.org/entity/Q114085,rhinitis,http://www.wikidata.org/entity/Q48566767,azelastine / fluticasone,azelastine_/_fluticasone
http://www.wikidata.org/entity/Q1144618,familial Mediterranean fever,http://www.wikidata.org/entity/Q26998324,colchicine,colchicine
http://www.wikidata.org/entity/Q11491562,acute hemorrhagic conjunctivitis,http://www.wikidata.org/entity/Q5370305,emedastine,emedastine
http://www.wikidata.org/entity/Q1153419,interstitial lung disease,http://www.wikidata.org/entity/Q11426176,prednisolone,prednisolone
http://www.wikidata.org/entity/Q1153419,interstitial lung disease,http://www.wikidata.org/entity/Q15149723,nintedanib,nintedanib
http://www.wikidata.org/entity/Q1153419,interstitial lung disease,http://www.wikidata.org/entity/Q2060696,pirfenidone,pirfenidone
http://www.wikidata.org/entity/Q1153419,interstitial lung disease,http://www.wikidata.org/entity/Q367700,cyclosporine,cyclosporine
http://www.wikidata.org/entity/Q1153419,interstitial lung disease,http://www.wikidata.org/entity/Q411648,tacrolimus,tacrolimus
http://www.wikidata.org/entity/Q1153419,interstitial lung disease,http://www.wikidata.org/entity/Q412323,rituximab,rituximab
http://www.wikidata.org/entity/Q1153419,interstitial lung disease,http://www.wikidata.org/entity/Q417222,methylprednisolone,methylprednisolone
http://www.wikidata.org/entity/Q1153419,interstitial lung disease,http://www.wikidata.org/entity/Q424972,prednisone,prednisone
http://www.wikidata.org/entity/Q1153419,interstitial lung disease,http://www.wikidata.org/entity/Q4567614,mycophenolate mofetil,mycophenolate_mofetil
http://www.wikidata.org/entity/Q11542703,metagonimiasis,http://www.wikidata.org/entity/Q424145,praziquantel,praziquantel
http://www.wikidata.org/entity/Q115743091,spinal leak of cerebrospinal fluid,http://www.wikidata.org/entity/Q115743576,lumbar epidural blood patch,lumbar_epidural_blood_patch
http://www.wikidata.org/entity/Q115744557,cranial leak of cerebrospinal fluid,http://www.wikidata.org/entity/Q115745925,head elevation,head_elevation
http://www.wikidata.org/entity/Q115744557,cranial leak of cerebrospinal fluid,http://www.wikidata.org/entity/Q719444,lumbar puncture,lumbar_puncture
http://www.wikidata.org/entity/Q115744557,cranial leak of cerebrospinal fluid,http://www.wikidata.org/entity/Q850197,bed rest,bed_rest
http://www.wikidata.org/entity/Q1161568,granulomatosis with polyangiitis,http://www.wikidata.org/entity/Q408524,(RS)-cyclophosphamide,rs_cyclophosphamide
http://www.wikidata.org/entity/Q116167729,feline obesity,http://www.wikidata.org/entity/Q29051769,exercise,exercise
http://www.wikidata.org/entity/Q116167729,feline obesity,http://www.wikidata.org/entity/Q861974,reducing diet,reducing_diet
http://www.wikidata.org/entity/Q11679861,ancylostomiasis,http://www.wikidata.org/entity/Q411629,albendazol,albendazol
http://www.wikidata.org/entity/Q11679861,ancylostomiasis,http://www.wikidata.org/entity/Q422194,mebendazole,mebendazole
http://www.wikidata.org/entity/Q11679861,ancylostomiasis,http://www.wikidata.org/entity/Q426897,pyrantel,pyrantel
http://www.wikidata.org/entity/Q117121,Wilson disease,http://www.wikidata.org/entity/Q418386,triethylenetetramine,triethylenetetramine
http://www.wikidata.org/entity/Q117121,Wilson disease,http://www.wikidata.org/entity/Q421239,D-penicillamine,d_penicillamine
http://www.wikidata.org/entity/Q1187697,adult-onset Still's disease,http://www.wikidata.org/entity/Q11426176,prednisolone,prednisolone
http://www.wikidata.org/entity/Q1187697,adult-onset Still's disease,http://www.wikidata.org/entity/Q177911,steroid,steroid
http://www.wikidata.org/entity/Q1187697,adult-onset Still's disease,http://www.wikidata.org/entity/Q188724,non-steroidal anti-inflammatory drug,non_steroidal_anti_inflammatory_drug
http://www.wikidata.org/entity/Q1187697,adult-onset Still's disease,http://www.wikidata.org/entity/Q3655009,canakinumab,canakinumab
http://www.wikidata.org/entity/Q1187697,adult-onset Still's disease,http://www.wikidata.org/entity/Q367700,cyclosporine,cyclosporine
http://www.wikidata.org/entity/Q1187697,adult-onset Still's disease,http://www.wikidata.org/entity/Q422232,methotrexate,methotrexate
http://www.wikidata.org/entity/Q1187697,adult-onset Still's disease,http://www.wikidata.org/entity/Q425154,tocilizumab,tocilizumab
http://www.wikidata.org/entity/Q11883686,myoclonic epilepsy,http://www.wikidata.org/entity/Q407988,clonazepam,clonazepam
http://www.wikidata.org/entity/Q1194496,scrub typhus,http://www.wikidata.org/entity/Q274515,chloramphenicol,chloramphenicol
http://www.wikidata.org/entity/Q1194496,scrub typhus,http://www.wikidata.org/entity/Q422442,doxycycline,doxycycline
http://www.wikidata.org/entity/Q1194496,scrub typhus,http://www.wikidata.org/entity/Q422652,rifampicin,rifampicin
http://www.wikidata.org/entity/Q1210303,dicrocoeliasis,http://www.wikidata.org/entity/Q419739,triclabendazole,triclabendazole
http://www.wikidata.org/entity/Q1210303,dicrocoeliasis,http://www.wikidata.org/entity/Q424145,praziquantel,praziquantel
http://www.wikidata.org/entity/Q121041,appendicitis,http://www.wikidata.org/entity/Q421670,meropenem,meropenem
http://www.wikidata.org/entity/Q12167939,chronic rhinitis,http://www.wikidata.org/entity/Q127835401,Rhinaer,rhinaer
http://www.wikidata.org/entity/Q1227160,diphyllobothriasis,http://www.wikidata.org/entity/Q127060,folic acid,folic_acid
http://www.wikidata.org/entity/Q1227160,diphyllobothriasis,http://www.wikidata.org/entity/Q252251,cyanocobalamin,cyanocobalamin
http://www.wikidata.org/entity/Q1227160,diphyllobothriasis,http://www.wikidata.org/entity/Q424145,praziquantel,praziquantel
http://www.wikidata.org/entity/Q12412172,central diabetes insipidus,http://www.wikidata.org/entity/Q183011,arginine vasopressin,arginine_vasopressin
http://www.wikidata.org/entity/Q12412172,central diabetes insipidus,http://www.wikidata.org/entity/Q241006,desmopressin,desmopressin
http://www.wikidata.org/entity/Q124407,type-1 diabetes,http://www.wikidata.org/entity/Q2062094,pramlintide,pramlintide
http://www.wikidata.org/entity/Q124407,type-1 diabetes,http://www.wikidata.org/entity/Q21011228,dulaglutide,dulaglutide
http://www.wikidata.org/entity/Q124407,type-1 diabetes,http://www.wikidata.org/entity/Q2526479,liraglutide,liraglutide
http://www.wikidata.org/entity/Q124407,type-1 diabetes,http://www.wikidata.org/entity/Q2754775,insulin aspart,insulin_aspart
http://www.wikidata.org/entity/Q124407,type-1 diabetes,http://www.wikidata.org/entity/Q3492616,Insulin Lispro,insulin_lispro
http://www.wikidata.org/entity/Q124407,type-1 diabetes,http://www.wikidata.org/entity/Q410965,insulin detemir,insulin_detemir
http://www.wikidata.org/entity/Q124407,type-1 diabetes,http://www.wikidata.org/entity/Q417317,insulin glargine,insulin_glargine
http://www.wikidata.org/entity/Q124407,type-1 diabetes,http://www.wikidata.org/entity/Q417762,exenatide,exenatide
http://www.wikidata.org/entity/Q124407,type-1 diabetes,http://www.wikidata.org/entity/Q419832,sitagliptin,sitagliptin
http://www.wikidata.org/entity/Q124407,type-1 diabetes,http://www.wikidata.org/entity/Q4712362,albiglutide,albiglutide
http://www.wikidata.org/entity/Q124407,type-1 diabetes,http://www.wikidata.org/entity/Q6042242,insulin glulisine,insulin_glulisine
http://www.wikidata.org/entity/Q12656487,hymenolepiasis,http://www.wikidata.org/entity/Q411629,albendazol,albendazol
http://www.wikidata.org/entity/Q12656487,hymenolepiasis,http://www.wikidata.org/entity/Q424145,praziquantel,praziquantel
http://www.wikidata.org/entity/Q1290616,epidemic typhus,http://www.wikidata.org/entity/Q274515,chloramphenicol,chloramphenicol
http://www.wikidata.org/entity/Q1290616,epidemic typhus,http://www.wikidata.org/entity/Q422442,doxycycline,doxycycline
http://www.wikidata.org/entity/Q129104,anthrax,http://www.wikidata.org/entity/Q13026783,penicillin G procaine hydrate,penicillin_g_procaine_hydrate
http://www.wikidata.org/entity/Q129104,anthrax,http://www.wikidata.org/entity/Q192717,streptomycin,streptomycin
http://www.wikidata.org/entity/Q129104,anthrax,http://www.wikidata.org/entity/Q213511,erythromycin,erythromycin
http://www.wikidata.org/entity/Q129104,anthrax,http://www.wikidata.org/entity/Q256602,ciprofloxacin,ciprofloxacin
http://www.wikidata.org/entity/Q129104,anthrax,http://www.wikidata.org/entity/Q415336,minocycline,minocycline
http://www.wikidata.org/entity/Q129104,anthrax,http://www.wikidata.org/entity/Q422442,doxycycline,doxycycline
http://www.wikidata.org/entity/Q129279,dysentery,http://www.wikidata.org/entity/Q256602,ciprofloxacin,ciprofloxacin
http://www.wikidata.org/entity/Q129279,dysentery,http://www.wikidata.org/entity/Q337188,L-scopolamine,l_scopolamine
http://www.wikidata.org/entity/Q13046587,pulmonary tuberculosis,http://www.wikidata.org/entity/Q1135705,rifabutin,rifabutin
http://www.wikidata.org/entity/Q13046587,pulmonary tuberculosis,http://www.wikidata.org/entity/Q1257318,bedaquiline,bedaquiline
http://www.wikidata.org/entity/Q13046587,pulmonary tuberculosis,http://www.wikidata.org/entity/Q3935297,rifapentine,rifapentine
http://www.wikidata.org/entity/Q13046587,pulmonary tuberculosis,http://www.wikidata.org/entity/Q411377,linezolid,linezolid
http://www.wikidata.org/entity/Q13046587,pulmonary tuberculosis,http://www.wikidata.org/entity/Q411447,DL-ofloxacin,dl_ofloxacin
http://www.wikidata.org/entity/Q13046587,pulmonary tuberculosis,http://www.wikidata.org/entity/Q412318,ethambutol,ethambutol
http://www.wikidata.org/entity/Q13046587,pulmonary tuberculosis,http://www.wikidata.org/entity/Q422652,rifampicin,rifampicin
http://www.wikidata.org/entity/Q13046587,pulmonary tuberculosis,http://www.wikidata.org/entity/Q423169,isoniazid,isoniazid
http://www.wikidata.org/entity/Q13046587,pulmonary tuberculosis,http://www.wikidata.org/entity/Q424193,levofloxacin,levofloxacin
http://www.wikidata.org/entity/Q13046587,pulmonary tuberculosis,http://www.wikidata.org/entity/Q47495791,levofloxacin hemihydrate,levofloxacin_hemihydrate
http://www.wikidata.org/entity/Q1338684,tension headache,http://www.wikidata.org/entity/Q186969,ibuprofen,ibuprofen
http://www.wikidata.org/entity/Q1338684,tension headache,http://www.wikidata.org/entity/Q18216,aspirin,aspirin
http://www.wikidata.org/entity/Q1338684,tension headache,http://www.wikidata.org/entity/Q57055,paracetamol,paracetamol
http://www.wikidata.org/entity/Q1338684,tension headache,http://www.wikidata.org/entity/Q58397,amitriptyline,amitriptyline
http://www.wikidata.org/entity/Q134649,diphtheria,http://www.wikidata.org/entity/Q118551,clarithromycin,clarithromycin
http://www.wikidata.org/entity/Q134649,diphtheria,http://www.wikidata.org/entity/Q15893399,diphtheria antitoxin,diphtheria_antitoxin
http://www.wikidata.org/entity/Q134649,diphtheria,http://www.wikidata.org/entity/Q165399,azithromycin,azithromycin
http://www.wikidata.org/entity/Q134649,diphtheria,http://www.wikidata.org/entity/Q244150,ampicillin,ampicillin
http://www.wikidata.org/entity/Q134649,diphtheria,http://www.wikidata.org/entity/Q258450,benzylpenicillin,benzylpenicillin
http://www.wikidata.org/entity/Q134649,diphtheria,http://www.wikidata.org/entity/Q411462,tylosin,tylosin
http://www.wikidata.org/entity/Q134649,diphtheria,http://www.wikidata.org/entity/Q12190,penicillin,penicillin
http://www.wikidata.org/entity/Q1359898,cryptosporidiosis,http://www.wikidata.org/entity/Q165399,azithromycin,azithromycin
http://www.wikidata.org/entity/Q1359898,cryptosporidiosis,http://www.wikidata.org/entity/Q2943789,nitazoxanide,nitazoxanide
http://www.wikidata.org/entity/Q1359898,cryptosporidiosis,http://www.wikidata.org/entity/Q415625,paromomycin,paromomycin
http://www.wikidata.org/entity/Q1444550,arteriosclerotic heart disease,http://www.wikidata.org/entity/Q179748,isosorbide dinitrate,isosorbide_dinitrate
http://www.wikidata.org/entity/Q1444550,arteriosclerotic heart disease,http://www.wikidata.org/entity/Q3221044,pharmaceutical preparation of nitroglycerin,pharmaceutical_preparation_of_nitroglycerin
http://www.wikidata.org/entity/Q1444550,arteriosclerotic heart disease,http://www.wikidata.org/entity/Q410237,clopidogrel,clopidogrel
http://www.wikidata.org/entity/Q1444550,arteriosclerotic heart disease,http://www.wikidata.org/entity/Q410374,papaverine,papaverine
http://www.wikidata.org/entity/Q1444550,arteriosclerotic heart disease,http://www.wikidata.org/entity/Q415366,tirofiban,tirofiban
http://www.wikidata.org/entity/Q1444550,arteriosclerotic heart disease,http://www.wikidata.org/entity/Q421700,calcium channel blocker,calcium_channel_blocker
http://www.wikidata.org/entity/Q1444550,arteriosclerotic heart disease,http://www.wikidata.org/entity/Q423401,isosorbide mononitrate,isosorbide_mononitrate
http://www.wikidata.org/entity/Q1444550,arteriosclerotic heart disease,http://www.wikidata.org/entity/Q50430353,lipid regulating agents,lipid_regulating_agents
http://www.wikidata.org/entity/Q1444550,arteriosclerotic heart disease,http://www.wikidata.org/entity/Q575062,anti-diabetic medication,anti_diabetic_medication
http://www.wikidata.org/entity/Q1444550,arteriosclerotic heart disease,http://www.wikidata.org/entity/Q816759,beta blocker,beta_blocker
http://www.wikidata.org/entity/Q1444550,arteriosclerotic heart disease,http://www.wikidata.org/entity/Q907104,ranolazine,ranolazine
http://www.wikidata.org/entity/Q1444550,arteriosclerotic heart disease,http://www.wikidata.org/entity/Q954845,statin,statin
http://www.wikidata.org/entity/Q1444550,arteriosclerotic heart disease,http://www.wikidata.org/entity/Q18216,aspirin,aspirin
http://www.wikidata.org/entity/Q1478321,spinal stenosis,http://www.wikidata.org/entity/Q412174,pregabalin,pregabalin
http://www.wikidata.org/entity/Q153861,tularemia,http://www.wikidata.org/entity/Q192717,streptomycin,streptomycin
http://www.wikidata.org/entity/Q153861,tularemia,http://www.wikidata.org/entity/Q193045,tetracycline,tetracycline
http://www.wikidata.org/entity/Q153861,tularemia,http://www.wikidata.org/entity/Q256602,ciprofloxacin,ciprofloxacin
http://www.wikidata.org/entity/Q153861,tularemia,http://www.wikidata.org/entity/Q422442,doxycycline,doxycycline
http://www.wikidata.org/entity/Q15401586,pneumocystis pneumonia,http://www.wikidata.org/entity/Q126677485,trimetrexate,trimetrexate
http://www.wikidata.org/entity/Q15401586,pneumocystis pneumonia,http://www.wikidata.org/entity/Q416206,pentamidine,pentamidine
http://www.wikidata.org/entity/Q15401586,pneumocystis pneumonia,http://www.wikidata.org/entity/Q418179,atovaquone,atovaquone
http://www.wikidata.org/entity/Q15401586,pneumocystis pneumonia,http://www.wikidata.org/entity/Q898623,sulfamethoxazole/trimethoprim,sulfamethoxazole/trimethoprim
http://www.wikidata.org/entity/Q154865,botulism,http://www.wikidata.org/entity/Q15409425,ipidacrine,ipidacrine
http://www.wikidata.org/entity/Q154865,botulism,http://www.wikidata.org/entity/Q169569,metronidazole,metronidazole
http://www.wikidata.org/entity/Q154865,botulism,http://www.wikidata.org/entity/Q17148719,heptavalent botulism antitoxin,heptavalent_botulism_antitoxin
http://www.wikidata.org/entity/Q154865,botulism,http://www.wikidata.org/entity/Q422273,clindamycin,clindamycin
http://www.wikidata.org/entity/Q154869,hepatitis C,http://www.wikidata.org/entity/Q15409409,ledipasvir,ledipasvir
http://www.wikidata.org/entity/Q154869,hepatitis C,http://www.wikidata.org/entity/Q19597688,ledipasvir/sofosbuvir,ledipasvir/sofosbuvir
http://www.wikidata.org/entity/Q154869,hepatitis C,http://www.wikidata.org/entity/Q19786991,grazoprevir,grazoprevir
http://www.wikidata.org/entity/Q154869,hepatitis C,http://www.wikidata.org/entity/Q19858657,ombitasvir/paritaprevir/ritonavir,ombitasvir/paritaprevir/ritonavir
http://www.wikidata.org/entity/Q154869,hepatitis C,http://www.wikidata.org/entity/Q22673321,elbasvir/grazoprevir,elbasvir/grazoprevir
http://www.wikidata.org/entity/Q154869,hepatitis C,http://www.wikidata.org/entity/Q2502747,sofosbuvir,sofosbuvir
http://www.wikidata.org/entity/Q154869,hepatitis C,http://www.wikidata.org/entity/Q25110523,sofosbuvir/velpatasvir,sofosbuvir/velpatasvir
http://www.wikidata.org/entity/Q154869,hepatitis C,http://www.wikidata.org/entity/Q27271958,bicyclol,bicyclol
http://www.wikidata.org/entity/Q154869,hepatitis C,http://www.wikidata.org/entity/Q39048038,glecaprevir/pibrentasvir,glecaprevir/pibrentasvir
http://www.wikidata.org/entity/Q154869,hepatitis C,http://www.wikidata.org/entity/Q408557,telaprevir,telaprevir
http://www.wikidata.org/entity/Q154869,hepatitis C,http://www.wikidata.org/entity/Q410551,boceprevir,boceprevir
http://www.wikidata.org/entity/Q154869,hepatitis C,http://www.wikidata.org/entity/Q420056,peginterferon alfa-2a,peginterferon_alfa_2a
http://www.wikidata.org/entity/Q154869,hepatitis C,http://www.wikidata.org/entity/Q421862,ribavirin,ribavirin
http://www.wikidata.org/entity/Q154869,hepatitis C,http://www.wikidata.org/entity/Q422618,ritonavir,ritonavir
http://www.wikidata.org/entity/Q154869,hepatitis C,http://www.wikidata.org/entity/Q5207712,daclatasvir,daclatasvir
http://www.wikidata.org/entity/Q154869,hepatitis C,http://www.wikidata.org/entity/Q7160789,peginterferon alfa-2b,peginterferon_alfa_2b
http://www.wikidata.org/entity/Q154869,hepatitis C,http://www.wikidata.org/entity/Q7517689,simeprevir,simeprevir
http://www.wikidata.org/entity/Q154878,toxoplasmosis,http://www.wikidata.org/entity/Q2555060,sulfadiazine,sulfadiazine
http://www.wikidata.org/entity/Q154878,toxoplasmosis,http://www.wikidata.org/entity/Q421072,pyrimethamine,pyrimethamine
http://www.wikidata.org/entity/Q154878,toxoplasmosis,http://www.wikidata.org/entity/Q422265,spiramycin,spiramycin
http://www.wikidata.org/entity/Q154878,toxoplasmosis,http://www.wikidata.org/entity/Q422273,clindamycin,clindamycin
http://www.wikidata.org/entity/Q154878,toxoplasmosis,http://www.wikidata.org/entity/Q422438,chloroquine,chloroquine
http://www.wikidata.org/entity/Q154878,toxoplasmosis,http://www.wikidata.org/entity/Q898623,sulfamethoxazole/trimethoprim,sulfamethoxazole/trimethoprim
http://www.wikidata.org/entity/Q154882,legionnaires' disease,http://www.wikidata.org/entity/Q1087499,troleandomycin,troleandomycin
http://www.wikidata.org/entity/Q154882,legionnaires' disease,http://www.wikidata.org/entity/Q165399,azithromycin,azithromycin
http://www.wikidata.org/entity/Q154882,legionnaires' disease,http://www.wikidata.org/entity/Q213511,erythromycin,erythromycin
http://www.wikidata.org/entity/Q154882,legionnaires' disease,http://www.wikidata.org/entity/Q2365016,gatifloxacin,gatifloxacin
http://www.wikidata.org/entity/Q154882,legionnaires' disease,http://www.wikidata.org/entity/Q256602,ciprofloxacin,ciprofloxacin
http://www.wikidata.org/entity/Q154882,legionnaires' disease,http://www.wikidata.org/entity/Q422442,doxycycline,doxycycline
http://www.wikidata.org/entity/Q154882,legionnaires' disease,http://www.wikidata.org/entity/Q424193,levofloxacin,levofloxacin
http://www.wikidata.org/entity/Q154882,legionnaires' disease,http://www.wikidata.org/entity/Q424940,moxifloxacin,moxifloxacin
http://www.wikidata.org/entity/Q154882,legionnaires' disease,http://www.wikidata.org/entity/Q47495791,levofloxacin hemihydrate,levofloxacin_hemihydrate
http://www.wikidata.org/entity/Q155098,leptospirosis,http://www.wikidata.org/entity/Q2000876,ethamsylate,ethamsylate
http://www.wikidata.org/entity/Q155098,leptospirosis,http://www.wikidata.org/entity/Q201928,amoxicillin,amoxicillin
http://www.wikidata.org/entity/Q155098,leptospirosis,http://www.wikidata.org/entity/Q258450,benzylpenicillin,benzylpenicillin
http://www.wikidata.org/entity/Q155098,leptospirosis,http://www.wikidata.org/entity/Q416331,pentoxifylline,pentoxifylline
http://www.wikidata.org/entity/Q155098,leptospirosis,http://www.wikidata.org/entity/Q417968,cefotaxime,cefotaxime
http://www.wikidata.org/entity/Q155098,leptospirosis,http://www.wikidata.org/entity/Q418625,aprotinin,aprotinin
http://www.wikidata.org/entity/Q155098,leptospirosis,http://www.wikidata.org/entity/Q421713,ceftriaxone,ceftriaxone
http://www.wikidata.org/entity/Q156050,brucellosis,http://www.wikidata.org/entity/Q192717,streptomycin,streptomycin
http://www.wikidata.org/entity/Q156050,brucellosis,http://www.wikidata.org/entity/Q415336,minocycline,minocycline
http://www.wikidata.org/entity/Q156050,brucellosis,http://www.wikidata.org/entity/Q422442,doxycycline,doxycycline
http://www.wikidata.org/entity/Q156050,brucellosis,http://www.wikidata.org/entity/Q422652,rifampicin,rifampicin
http://www.wikidata.org/entity/Q1585081,malignant hyperthermia,http://www.wikidata.org/entity/Q421274,dantrolene,dantrolene
http://www.wikidata.org/entity/Q1598909,supraventricular tachycardia,http://www.wikidata.org/entity/Q409468,(RS)-metoprolol,rs_metoprolol
http://www.wikidata.org/entity/Q1598909,supraventricular tachycardia,http://www.wikidata.org/entity/Q410061,amiodarone,amiodarone
http://www.wikidata.org/entity/Q1598909,supraventricular tachycardia,http://www.wikidata.org/entity/Q410291,verapamil,verapamil
http://www.wikidata.org/entity/Q1598909,supraventricular tachycardia,http://www.wikidata.org/entity/Q411325,atenolol,atenolol
http://www.wikidata.org/entity/Q1598909,supraventricular tachycardia,http://www.wikidata.org/entity/Q412515,bisoprolol,bisoprolol
http://www.wikidata.org/entity/Q1598909,supraventricular tachycardia,http://www.wikidata.org/entity/Q413591,sotalol,sotalol
http://www.wikidata.org/entity/Q1598909,supraventricular tachycardia,http://www.wikidata.org/entity/Q417597,procainamide,procainamide
http://www.wikidata.org/entity/Q1598909,supraventricular tachycardia,http://www.wikidata.org/entity/Q418139,esmolol,esmolol
http://www.wikidata.org/entity/Q1598909,supraventricular tachycardia,http://www.wikidata.org/entity/Q421910,phenylephrine,phenylephrine
http://www.wikidata.org/entity/Q1598909,supraventricular tachycardia,http://www.wikidata.org/entity/Q422222,digoxin,digoxin
http://www.wikidata.org/entity/Q1598909,supraventricular tachycardia,http://www.wikidata.org/entity/Q422229,diltiazem,diltiazem
http://www.wikidata.org/entity/Q1598909,supraventricular tachycardia,http://www.wikidata.org/entity/Q423364,propranolol,propranolol
http://www.wikidata.org/entity/Q1598909,supraventricular tachycardia,http://www.wikidata.org/entity/Q423890,digitoxin,digitoxin
http://www.wikidata.org/entity/Q1598909,supraventricular tachycardia,http://www.wikidata.org/entity/Q5264583,deslanoside,deslanoside
http://www.wikidata.org/entity/Q1598909,supraventricular tachycardia,http://www.wikidata.org/entity/Q662511,(RS)-propafenone,rs_propafenone
http://www.wikidata.org/entity/Q160653,listeriosis,http://www.wikidata.org/entity/Q165399,azithromycin,azithromycin
http://www.wikidata.org/entity/Q160653,listeriosis,http://www.wikidata.org/entity/Q201928,amoxicillin,amoxicillin
http://www.wikidata.org/entity/Q160653,listeriosis,http://www.wikidata.org/entity/Q244150,ampicillin,ampicillin
http://www.wikidata.org/entity/Q160653,listeriosis,http://www.wikidata.org/entity/Q2878140,bacampicillin,bacampicillin
http://www.wikidata.org/entity/Q160653,listeriosis,http://www.wikidata.org/entity/Q421670,meropenem,meropenem
http://www.wikidata.org/entity/Q160653,listeriosis,http://www.wikidata.org/entity/Q422442,doxycycline,doxycycline
http://www.wikidata.org/entity/Q160653,listeriosis,http://www.wikidata.org/entity/Q422482,gentamicin,gentamicin
http://www.wikidata.org/entity/Q160653,listeriosis,http://www.wikidata.org/entity/Q424027,vancomycin,vancomycin
http://www.wikidata.org/entity/Q160653,listeriosis,http://www.wikidata.org/entity/Q898623,sulfamethoxazole/trimethoprim,sulfamethoxazole/trimethoprim
http://www.wikidata.org/entity/Q160796,delirium,http://www.wikidata.org/entity/Q251347,haloperidol,haloperidol
http://www.wikidata.org/entity/Q160796,delirium,http://www.wikidata.org/entity/Q411457,trazodone,trazodone
http://www.wikidata.org/entity/Q1607983,erysipelothrix rhusiopathiae infectious disease,http://www.wikidata.org/entity/Q201928,amoxicillin,amoxicillin
http://www.wikidata.org/entity/Q1607983,erysipelothrix rhusiopathiae infectious disease,http://www.wikidata.org/entity/Q258450,benzylpenicillin,benzylpenicillin
http://www.wikidata.org/entity/Q1607983,erysipelothrix rhusiopathiae infectious disease,http://www.wikidata.org/entity/Q421713,ceftriaxone,ceftriaxone
http://www.wikidata.org/entity/Q1607983,erysipelothrix rhusiopathiae infectious disease,http://www.wikidata.org/entity/Q422273,clindamycin,clindamycin
http://www.wikidata.org/entity/Q164655,abscess,http://www.wikidata.org/entity/Q169569,metronidazole,metronidazole
http://www.wikidata.org/entity/Q164655,abscess,http://www.wikidata.org/entity/Q2353907,cefoxitin,cefoxitin
http://www.wikidata.org/entity/Q164655,abscess,http://www.wikidata.org/entity/Q2602246,cefotetan,cefotetan
http://www.wikidata.org/entity/Q164727,ornithosis,http://www.wikidata.org/entity/Q165399,azithromycin,azithromycin
http://www.wikidata.org/entity/Q164727,ornithosis,http://www.wikidata.org/entity/Q422442,doxycycline,doxycycline
http://www.wikidata.org/entity/Q164727,ornithosis,http://www.wikidata.org/entity/Q424940,moxifloxacin,moxifloxacin
http://www.wikidata.org/entity/Q164818,Q fever,http://www.wikidata.org/entity/Q165399,azithromycin,azithromycin
http://www.wikidata.org/entity/Q164818,Q fever,http://www.wikidata.org/entity/Q2601859,pefloxacin,pefloxacin
http://www.wikidata.org/entity/Q164818,Q fever,http://www.wikidata.org/entity/Q411447,DL-ofloxacin,dl_ofloxacin
http://www.wikidata.org/entity/Q164818,Q fever,http://www.wikidata.org/entity/Q421094,hydroxychloroquine,hydroxychloroquine
http://www.wikidata.org/entity/Q164818,Q fever,http://www.wikidata.org/entity/Q422442,doxycycline,doxycycline
http://www.wikidata.org/entity/Q1648484,Duchenne muscular dystrophy,http://www.wikidata.org/entity/Q5402585,eteplirsen,eteplirsen
http://www.wikidata.org/entity/Q1648484,Duchenne muscular dystrophy,http://www.wikidata.org/entity/Q753330,ataluren,ataluren
http://www.wikidata.org/entity/Q1648484,Duchenne muscular dystrophy,http://www.wikidata.org/entity/Q779118,deflazacort,deflazacort
